Name,Furn_Id
Raymond,ExYib9GyTi9y6sSzh
Raymond,LLbafqdLAfeWhjH6w
Raymond,t4ymag7WajRaqkvoX
Raymond,8gt27xFDMBgCJqmbW
Raymond,QddnzH7uPi5P6P8Gm
Raymond,krZhtfjwg9zJ9rNH8
Raymond,MHBNvWPSJmb6wmccP
Raymond,6kQ2dnracvr8cXca9
Raymond,x2BPKX6xJpbzEsvD2
Raymond,aTd8oKdE38jnwzBNm
Raymond,dQcjC5C9yXPdQ9tnA
Raymond,TthqtapsrarckeFkY
Raymond,3tdHRb7Extgyvk5SF
Raymond,ntQZ3HTaejpMcBjTu
Raymond,P4dwjbRarcEpAqwC3
Raymond,weufqeuGfXyock3sT
Raymond,FqPRhLddrYrW6zbHX
Raymond,jHQak4ShoPnHchiNq
Raymond,LHnMMwJ2NZw6DCLwS
Raymond,RtodPP8Jbuvx6XKfJ
Raymond,Tebe6Ep2AgLHHbrfY
Raymond,a8HjB3fcbQrqnNHTf
Raymond,aMfnTih5n6jQ5bJHE
Raymond,3ZbArQrgkYzgief4y
Raymond,wY7u4YLz9avo8AGXk
Raymond,GCT7bxDSTwvYzwxjm
Raymond,m6Me3BvsHzRzR5upL
Raymond,96sTBmcSY36Ax3QJa
Raymond,9Deo8xM6R66FpL3WL
Raymond,srRpFxWJFygKXRrdR
Raymond,x5GwXq5LzjiubcqM4
Raymond,nb3G2Mm6344cM53Wv
Raymond,kmhga6uEKfSWKJF3X
Raymond,E9GaNivENumhacvCt
Raymond,CZNCDitwhehpnBbTw
Raymond,yb89cGYFQDaxpNHMn
Raymond,wEug3j5QZzkbwdGwy
Marshal,tFNMuK8wMPgBbcQSR
Marshal,gBgxXTg5sdDpWjMYN
Marshal,YMr98F45XNpMx2yKk
Marshal,9j9CToxTa98p8ADsX
Marshal,DrPRBrfarLR5Dg3hn
Marshal,FTAzAxnhcegy2HrJo
Marshal,qQ7tE6QPJsup4f5SY
Marshal,mNEhzPfdZo5uFJgvu
Marshal,24ad8eStN6hPFHehG
Marshal,9jdLwLS36rfB8gnvw
Marshal,CB8bbj5TD2pLcegBh
Marshal,CntzvorcRkjz3oYEf
Marshal,TKqHoeYMsW9irSWYk
Marshal,a4TcHg9EWCgwtBCBF
Marshal,9Zimqm9RbCP6ZwXii
Marshal,7Q8BLGakxohrJ6Mq2
Marshal,QyNwPbhKrRsnMMP2X
Marshal,FW4ZawMehjh7Dyoxq
Marshal,q7szqqAnesujt3FdB
Marshal,zbK7s2t4DyhhjwrYq
Marshal,iPfhRrr6WimH7Mfc9
Marshal,hsxB5XdAPbvjWuW6b
Marshal,3f7y8cQng8af3zzmH
Marshal,FR7reZdhtjJhCuzjD
Marshal,QpDqj8ZKeRecWyJJh
Marshal,HbZMrsAZs6qt9goiv
Marshal,KDAGHJasWscZKwYcA
Marshal,ATghPJtD8Rdmvn6FH
Marshal,NABKM3664RRxZyyu8
Marshal,sMyscZojEKdqjLHBQ
Marshal,QicyaqvM22Huy5SuC
Marshal,PgoMs34eLosKWtX7J
Marshal,8qkioxwYSnemqucoQ
Marshal,pXMERdtLKTF6P87ja
Marshal,Tebe6Ep2AgLHHbrfY
Marshal,a8HjB3fcbQrqnNHTf
Marshal,hZsxBiQ6uaGiL6nDr
Marshal,9fhe3AGZWHmHBafLX
Marshal,RZAMJiQT4uQ2y7gTE
Marshal,45LCxYQEK6j988AR8
Marshal,vuknAcmcvWrxQsiYd
Marshal,JdNbdG6Lm9JRpQWrr
Marshal,DXizSP54KGBx5BP5s
Marshal,DR9FaS8kZeMbL7qYS
Marshal,wdQgShDyfy9Dxaa9d
Marshal,imxGnbxAEpuK2MaqR
Sherb,ELzLX57L77astbxHb
Sherb,PSXCm8csqXToGmMse
Sherb,n2bTZfj9XMoCRsC4T
Sherb,mcMvwCgMoeD4oCst5
Sherb,WgzffyCcHib4YkRTP
Sherb,a5RzgbET6vvZauvgt
Sherb,cJTc4gavXjcqikmBH
Sherb,Too8dDarzLpdR47GE
Sherb,j9z8Bvu9PaRZd7Ruk
Sherb,iwKrz5CXjNaB5WTCr
Sherb,2ZDYfAQ8Y9z2XZ6wX
Sherb,MiXLbYhi8QtBP9Bgk
Sherb,XyWSMATubJz4EWrFh
Sherb,AZqCwcNbL76zheN3q
Sherb,go6ZryFLS5mDzTwMz
Sherb,vS5bFXK89ZkYyRgGb
Sherb,dmbdMG7voxRpT9Nnb
Sherb,2AARDQE5yj3xpTFho
Sherb,WLneNf4nKpfMxrx8z
Sherb,GBG9bJv3yW29PDHfp
Sherb,G5PCa6MSpudHb5nWS
Sherb,H2m8QD3o5BBND4vyG
Sherb,8wzRQyM89oLCLkCid
Sherb,Qhp5PSoBJHkj6dYbW
Sherb,LdJ3LAWjEJ3fLaqpJ
Sherb,Wo6dByhNP45Gmquye
Sherb,nYvBnNnEAWhuakQmh
Sherb,3YtFhN5XvHijBg3PM
Sherb,HdwrNrMF9ScTMbDcT
Sherb,xwzxgoToBBjaw6mej
Sherb,Zk8mHcRfdRKHDubqM
Sherb,myG7i9o2YFM8Ksfoi
Sherb,4J2vnse3jXxhoLpsY
Sherb,smZTYwxv36fLaLeHD
Sherb,hvjYp3cMozD6wmNAT
Sherb,roeXhNQETxkq2tyTq
Sherb,f2TpXayggsFGmfD2G
Sherb,rJMAuob9ZnEKaQ4q9
Sherb,6ZDc5t9mufnZ3S3aL
Sherb,DrwbaXgLeKsmfZa4o
Sherb,kEwWNMPdH9H54TRb2
Sherb,A5acBNiA8PqwfuX3K
Sherb,nManczc4PywpJ988Y
Sherb,LrtuahZmKYuemsM8n
Sherb,QK2naZSLzBLFmjHnd
Sherb,mJFnWtLfD5dafCn26
Sherb,5WidcG9ta5LKYzc6G
Sherb,o4QnTdb74Xzsvsh8C
Sherb,y5mAhAJaBNHAxhg6k
Sherb,DZdS7xfKYcTr6YSMa
Sherb,95nrQB2ZGnRfoge7E
Sherb,cRNoeh9pN7JAk8wLJ
Sherb,EPahiFHfus98vyZAd
Sherb,M2TTTAJWjYfRb62Nt
Sherb,9CKbxigdABfRndNSQ
Sherb,T8S2qTcQ28PdMLM6v
Sherb,7oGbfEoXchzDxM5SS
Sherb,K5FhQSSavu5SrALAa
Sherb,yNZorpxoxW3c8YWSt
Sherb,NThCMdhEzLbbSn3kj
Sherb,wHaafZ5eGnuiMD3ad
Sherb,ognKckZTzCmr6djym
Sherb,N2jvtPa6kEdTW9zqH
Sherb,kT76B2eYgPGYqEvps
Sherb,bpg2z9qk9GQSgRrtm
Sherb,FuzPgbonXH2BjR6dk
Sherb,kPoFsiCopPMetatPx
Sherb,PXHLJG2iXW5XzpYtK
Sherb,ZS8rtdEHSnexAEFnA
Sherb,vDBt83QLRMk4AdkPT
Zucker,KpHAa8CESiKWtadT7
Zucker,SuNySzCAMoc3no4Gs
Zucker,YkfgE6cbA7qwEWqjB
Zucker,BHFw6FYJapJzftSWs
Zucker,CazDjtQjPatsHQcGE
Zucker,f9hTzDcwC4RX9xPxZ
Zucker,yPLp7pycmRXoekqXh
Zucker,AE4mNC4ZFm3ujoeww
Zucker,bsdqWF6ww2QitHcGe
Zucker,hy2JMRuy3McgGkvZK
Zucker,9CyyHQE5xyXu6pjZT
Zucker,mWmxQzZJfRjSiJWXp
Zucker,ph6PZat4E89tJnitY
Zucker,qprLkJLPDewsSEtaj
Zucker,LQnoGSeFctApeYMQo
Zucker,CbTLYnxP9yYXQKruy
Zucker,68M2koGPMivvrrRRY
Zucker,pP2qW7c9xn949Zhek
Zucker,uAy9WDThvNEjnZP9s
Zucker,DhA6GbtZoJtsZaSyp
Zucker,EizqBN57tktyr29T2
Zucker,bMFpm9na53ktxfMJK
Zucker,8bgPPdFqPQPCwmSLz
Zucker,AHBAvLA337d5Hh74C
Zucker,Htdd7fytqsqR23WG2
Zucker,NzDEXjudspcNB2pRq
Zucker,9e77mqKJkc844SW7n
Zucker,3Somfef6hxm7H2PD5
Zucker,cwkwC96Roy5h76RZx
Zucker,LeFhXpAtGJfzGkBSo
Zucker,7vXhyZEfggg39posf
Zucker,kyfP5Ma93aAsaNzEM
Zucker,h5DtPoM96yiPC5DAJ
Zucker,RHjTwTxmpSghiJJ2C
Zucker,ikbhJchL6vD6qZRPr
Zucker,3y6wJDi3HxRkqiyAE
Zucker,kWsY32fGzqKaGhdyR
Zucker,6pSv6EhcLyScP4FbQ
Zucker,7s7iX6Zy6LdqKKSzh
Zucker,JsrBXudcHNs52fyAN
Zucker,deNb5KcsLXcY9wmMo
Zucker,hkvQx3tb52og44bXT
Zucker,3DAy5HwCpzvMGsjsS
Zucker,n8tSdhTBebfpYwkHx
Zucker,3qonS9iuwwL95NDAL
Zucker,FmHrzvWYoW9apJYBz
Zucker,xE4b5prAZNMXZ4bv9
Zucker,5tkLTKMBpwCegE4S8
Zucker,Wmi7kuKaAEJNYWwFR
Zucker,T7JrW6ZzLDpFkhaW3
Zucker,AaQe7bG5MysbQr6R8
Zucker,8LHtYWZgpRQ4YFf3D
Zucker,tnKqxJxwnwP7YqnDD
Zucker,XMaJRn7o2f4mEEvFk
Zucker,kzdhvTBNcyJ5S4ztD
Zucker,xLjxKF6BZcswpTjqw
Zucker,2Ax23WtY6RKeFvf7u
Zucker,fJ3KfvMT8zMYyXPBt
Zucker,vyRSN7MiQc6TFSfSN
Zucker,kZXFrJuasrY23dnPq
Zucker,GTf4kgDnd5s7WsCg7
Zucker,EjP2ucXsshbK5sLhj
Zucker,yFGryFEFiYZ3Bq4Ph
Zucker,QutXdHdyqhLJeQ3Mi
Zucker,J2XXr5QhaE4cnfWZ5
Zucker,AFkBG4Dd2iwE9pbPS
Zucker,HSNnnXvFtmoEkg2Nz
Zucker,Zfoq5mWFa3beZ8EvG
Zucker,TFpNBupSfhK5BXuzx
Zucker,i29Y9bac8vBur9R7s
Zucker,FpXB8JS8T45xgreWt
Zucker,t7tGpMTPqgZ4ieFHw
Zucker,mNmf46dmhveZJnMPa
Zucker,mmgfrksD2rww4DRWK
Zucker,MRYhaWJZ79oN7k5Ye
Zucker,9uSzsFZy4jYF39zRF
Zucker,u5pnubPHsptBwsFjG
Zucker,boEwaK9d5ze8cLTz5
Zucker,HETELzhSP3ofcvJfq
Zucker,NALT6pve9dqhW7efG
Zucker,iepzRWs8CHKDNv69q
Zucker,nfMWFWduMxACEbdJf
Zucker,XGSZtziCBHtMYv2vn
Zucker,icCfan4RtDdkm8pDE
Zucker,WNXFyt2MWpxBTY8r3
Zucker,8crxPdChqb4jsnpaw
Zucker,oLw84sp86Jk4Asret
Zucker,Wnt4RHghxe3RHfLhb
Erik,xo5EbWumiYA8KCNQz
Erik,e5oWbNEQNgk9HBATb
Erik,HwQduBZenwteYguxu
Erik,f7LtHFY4Hhf8mxr9h
Erik,uxA4dFE7fLtC2K2WK
Erik,TfHSeMjaGvKtaS8aA
Erik,yrpSRKcoevsRLECA9
Erik,SmobKKJMeFPvGk5HC
Erik,yzYTKaLjYsFfm9LJn
Erik,ss983AozpPBsvH5iz
Erik,NwY2WiN7C4PAd9FXv
Erik,FrLaS54HNqePzNQSA
Erik,XwAqhqa5DbZ8R9sYt
Erik,qeNmrDpGMS6rKyNXX
Erik,8YKce7xNyraS4iCoC
Erik,dgMibFh4DRuyuD4Mh
Erik,md8ZN6vpy2EdLnXM5
Erik,EG5WDeKvNdbTZhP5k
Erik,yEj8m7XRz52P88Gk9
Erik,FtXXYp2nm3s3uxgCN
Erik,TitjAARHaR856ZHvQ
Erik,n5ohsgCPGdSFYqh6e
Erik,2mhsQTiaiafJ5zzfq
Erik,Jqp6iDM4mkA3xJS8b
Erik,HWedFbsABpYeHcDK4
Erik,qqeTpw6AQYW8KZELb
Erik,nQRRdAhYnjd3nvLwF
Erik,s84nBor68m8eysPFg
Erik,mTKRcJvaAuzt5Hkfn
Erik,XTXgPmyvGwao6sxtd
Erik,ohZ5WgQtd8QR7gxbh
Erik,p4jZMrE6c6pSj6o6p
Erik,FKpQZAKraz9XksM7x
Erik,dqD9wAPeA7XegHfej
Erik,sQJ6YYr55QZJSP3Jn
Erik,27D6fu8AeKw69KGgZ
Erik,SbJTdkCKieeuZu9ww
Erik,QsgueT5W5GyFXnwC4
Erik,dpKahfYQBFcqcwmy5
Erik,E8Y56sQaeBreCdHXg
Erik,6zJDA2ZvL6ZnrTZbf
Erik,6WMQQoPwSaui5EPBn
Erik,HE76EZstq5JHKARQm
Erik,9uCfGhAsthkzYoXxu
Erik,baENx9PwEPZCsh4DY
Erik,wJHapZDDRET2rKkxw
Erik,nkkEGKwqHQEepWqeM
Erik,66Annaa4XwTf3RkQK
Erik,BQtxTLcQz2BFraSf4
Erik,MyD6TcXbn8w9HpsJa
Erik,RTBLM4F524qRTxXYX
Erik,xQc4taDXnouRZef2p
Erik,bT27jhwEsSNXe9eNw
Erik,WjbCHEyDFry45S8tu
Erik,E4ZvjHYQh8ntbbq6K
Erik,M35DqLtqijGpNAovk
Erik,y24iD35piYLnDCKwt
Erik,QYGAsZxd4Bes6CY4w
Erik,L3jCqHA4ZbGk2uNKq
Erik,3D6YRKJZXb5MtSiFQ
Judy,K4pv4asqzPpjqQkzd
Judy,t39MTmuczgrcKjzHE
Judy,kfwyYQRpZ4SJXf8hS
Judy,RZHjEax22zyRLiNA2
Judy,E7HztcoYcDX8ah6pG
Judy,hTZZwsXyoPdNtciNP
Judy,7W3h5KyvJyQpba4jL
Judy,Keskqg829hX92h4f9
Judy,ymPAhCichNTgPJnvM
Judy,8hYurfXnfEfDQ5sWh
Judy,WBXFuMR4JSiRK6mgX
Judy,ztyQTfg3uNL89FHj5
Judy,Cr6BYFDtEJZFd99Jh
Judy,Fr94eAoydqXtatb8Q
Judy,HArf6yAmhCwu7KKn5
Judy,2ZYB28KdGnYJAxNvz
Judy,GDBSs6j4TsA4pjgyu
Judy,qjp48A6gcqhksiEKM
Judy,JkrgNR4zwnMusoz4J
Judy,2Cs9gdFGMA3XpuqRa
Judy,aTfhXzrbfySyKeNax
Judy,hP9f8LDnGTGKpZSeN
Judy,wpz37qaP5phjr4Mqr
Judy,C9eL44MYY3ojTSsmD
Judy,8bX8AR2PPQmBxQRpZ
Judy,xMjzs5ndAuJzdGT9E
Judy,ZNacDhQh93zfXTB6L
Judy,dGfrYKQgHwsjEwPxJ
Judy,HwaP4rhsd3sCLiq5b
Judy,Afrg8xv4cxbwE7awK
Judy,RWJYhH5hYa2giNga8
Judy,WmMbipPbnk5ZyC8Zg
Judy,gA5nz2hGLvyAwaekm
Judy,FW9CuwKQWM2EyY62K
Judy,rHKc4uFZFvxx5jcJm
Judy,5oTTwCDJgLKuToY7H
Judy,vgsSpQcgbfcK4Hrdd
Judy,Ke3wjzKgg4jvuy8QX
Judy,8AhpdiXz7u7AqeR2u
Judy,CEzcQfGjtrL49jWPP
Marina,w7j9E86xNNQ5kSnrM
Marina,JXnrPfBhZSX353JYM
Marina,4refyJMEyTEANwF2C
Marina,FfwsgEDa7yWqDMztz
Marina,6cTZE43QdMv5xQbAe
Marina,WeTDRJAvKXmTFpZLZ
Marina,T8S2qTcQ28PdMLM6v
Marina,7oGbfEoXchzDxM5SS
Marina,K5FhQSSavu5SrALAa
Marina,yNZorpxoxW3c8YWSt
Marina,NThCMdhEzLbbSn3kj
Marina,a5RzgbET6vvZauvgt
Marina,cJTc4gavXjcqikmBH
Marina,Too8dDarzLpdR47GE
Marina,j9z8Bvu9PaRZd7Ruk
Marina,iwKrz5CXjNaB5WTCr
Marina,95nrQB2ZGnRfoge7E
Marina,cRNoeh9pN7JAk8wLJ
Marina,EPahiFHfus98vyZAd
Marina,M2TTTAJWjYfRb62Nt
Marina,9CKbxigdABfRndNSQ
Marina,w6gRPdg5Fzjz52CzX
Marina,dHmQPhPZaiRLDkTdi
Marina,zaABQRMjcmpnuqFug
Marina,qtbX9cNehGZzQjhgZ
Marina,sXQs9fXn37og9s375
Marina,ELzLX57L77astbxHb
Marina,PSXCm8csqXToGmMse
Marina,n2bTZfj9XMoCRsC4T
Marina,mcMvwCgMoeD4oCst5
Marina,WgzffyCcHib4YkRTP
Marina,y2sCDMvPCTJQz6QB3
Marina,vscpbHbALbpFEieSN
Marina,djiF4M7fGjwE6XLTf
Marina,o6EDSRzFFEdTedXLq
Marina,oziGuTvYns2yXdJLr
Marina,FuzPgbonXH2BjR6dk
Marina,kPoFsiCopPMetatPx
Marina,PXHLJG2iXW5XzpYtK
Marina,ZS8rtdEHSnexAEFnA
Marina,vDBt83QLRMk4AdkPT
Fauna,K4pv4asqzPpjqQkzd
Fauna,t39MTmuczgrcKjzHE
Fauna,kfwyYQRpZ4SJXf8hS
Fauna,RZHjEax22zyRLiNA2
Fauna,E7HztcoYcDX8ah6pG
Fauna,xMjzs5ndAuJzdGT9E
Fauna,ZNacDhQh93zfXTB6L
Fauna,dGfrYKQgHwsjEwPxJ
Fauna,HwaP4rhsd3sCLiq5b
Fauna,Afrg8xv4cxbwE7awK
Fauna,vNf47dvwTdh2eS8Yy
Fauna,CmHsTiTiCYwwQL3eP
Fauna,9cFvFpGBtkZ9sgHsD
Fauna,3dJLAYLRuBr6xt9Bz
Fauna,m59i2Q76hiTxShquT
Fauna,aTfhXzrbfySyKeNax
Fauna,hP9f8LDnGTGKpZSeN
Fauna,wpz37qaP5phjr4Mqr
Fauna,C9eL44MYY3ojTSsmD
Fauna,8bX8AR2PPQmBxQRpZ
Fauna,RWJYhH5hYa2giNga8
Fauna,WmMbipPbnk5ZyC8Zg
Fauna,gA5nz2hGLvyAwaekm
Fauna,FW9CuwKQWM2EyY62K
Fauna,rHKc4uFZFvxx5jcJm
Fauna,hTZZwsXyoPdNtciNP
Fauna,7W3h5KyvJyQpba4jL
Fauna,Keskqg829hX92h4f9
Fauna,ymPAhCichNTgPJnvM
Fauna,8hYurfXnfEfDQ5sWh
Fauna,iPfhRrr6WimH7Mfc9
Fauna,hsxB5XdAPbvjWuW6b
Fauna,3f7y8cQng8af3zzmH
Fauna,FR7reZdhtjJhCuzjD
Fauna,QpDqj8ZKeRecWyJJh
Fauna,HbZMrsAZs6qt9goiv
Fauna,KDAGHJasWscZKwYcA
Fauna,ATghPJtD8Rdmvn6FH
Fauna,EJRaWqhJdabYwL5j4
Fauna,MpBjiN2Kqe2S7qC5X
Fauna,WPjvF8TYhixroEAWK
Fauna,vHyveCCY3NAJWQwTR
Fauna,uQqXxt8yMGBdRjMxN
Fauna,rLhRP92bTAuAzMPA9
Fauna,mBecRNRKXmWzMGppz
Fauna,bjyKq8gozXb94bfks
Fauna,usXDiMLTE9BJYzq8X
Fauna,yThtbc8QQiu5Jcn94
Fauna,Z7PtuTsgX3ZSoPShF
Fauna,AqnsTP7ytT6DdY5F4
Fauna,T7KdXKdhZNhXPp5M9
Fauna,6jZGbuMs2XwAM8p4t
Fauna,9oZ8MfAnc5LRCxZRs
Fauna,wxGy8ra5KnPh86zai
Fauna,2ZYB28KdGnYJAxNvz
Fauna,GDBSs6j4TsA4pjgyu
Fauna,qjp48A6gcqhksiEKM
Fauna,JkrgNR4zwnMusoz4J
Fauna,2Cs9gdFGMA3XpuqRa
Beau,usdo8zqCsd72rv2oM
Beau,rMN6Xfpw5TPpmFgM6
Beau,xo2RaXeTJQngSoeG8
Beau,CQiD3jT6CdYfi3z7N
Beau,8TXgaq3fZswMDzvRn
Beau,ZxLfYtwoxJD6T2GGw
Beau,CZwjmSeMuXwBZEwPM
Beau,6Ym3jrNEgGpALvt2Y
Beau,2tgRqT44Dfuc6RHi2
Beau,u2P2EYDQWXMuK2amc
Beau,Qhvmi9FsbFeGZ4ZFH
Beau,ieBwocmAHz7HFuZG3
Beau,5CDunQBfMXhETZFXs
Beau,gySoF6o3E2dBzfjL9
Beau,pDb2pG9rr7tFyMTuP
Beau,kCqCjmYk5cgx6zKjj
Beau,atPGmEYE58Y9B3vuc
Beau,KpHAa8CESiKWtadT7
Beau,SuNySzCAMoc3no4Gs
Beau,YkfgE6cbA7qwEWqjB
Beau,BHFw6FYJapJzftSWs
Beau,7tg4vCtPfbrLfferQ
Stitches,4gb67oK8q4yGmb5dp
Stitches,APBR89XQzDaRvwXPj
Stitches,mxoMFLjs4YnLZ5FKm
Stitches,nav6Cip6v5Ek6SSv7
Stitches,m7EcRvtLMfWEgWp2J
Stitches,X9r9bgtDf7LkHBzYh
Stitches,Td8mesmoSsEuH8tMP
Stitches,D3vaznMQBGBx2k7sx
Stitches,jAixLvgaq3doFsFMZ
Stitches,4ERWqGHAHBtvXTTZq
Stitches,q5ii6E7xjzahT7pZK
Stitches,BAnqfbNZ4ihWYFh8Y
Stitches,4eFNs5fj45mQLdiGx
Stitches,WXHzAvPhwPCs4wwCh
Stitches,njcwYjnQ24Xj6PN6X
Stitches,riExfbzSMxPgSL6fz
Stitches,jNSAhuSChokywGTwp
Stitches,RSLETJp3TZsnhSgAC
Stitches,a5hMaTJZE9TcmpGLs
Stitches,tNYQb849vcbqAsZYQ
Stitches,MuHQo9n2meTp9H7kE
Stitches,bMG9YRN3E6AdTKu9w
Stitches,tjQTKPquzyazxK2Rq
Stitches,qq75pwjw3LswHKFNv
Stitches,gwgaTgSqQXkQcoxRN
Stitches,2ibrMXMG5sns4BKaN
Stitches,c2xHWeit7EpXsmS3W
Stitches,woE5WAuopNRXbbqwk
Stitches,QTBGLbCgAdLu4GXEr
Stitches,Lm7WyKvMcL4zjE2Wh
Stitches,554r3tt8jMmz2PXJr
Stitches,ynNQcm7EjjoDqkRds
Stitches,uzH4uc5wXZiAeRrDx
Stitches,Mzjo4jFrqZdhCPTR3
Stitches,SNPkuumtp6rc7Df7k
Stitches,9g8Jq3bPaDbew3GZg
Stitches,imMXebxofRWTiDB2y
Stitches,QRHpTEn6WNZZxv8bd
Stitches,kiYP9J9thzGkP2ZXQ
Stitches,5x8pLSL8XjbZnCBQQ
Stitches,6tfwMtaYLE5KtAQKS
Stitches,ihucEvtrsesPCYZB2
Stitches,SrYrGG6KFSsL2t44t
Stitches,BpCJtM8aCQG4npCgi
Stitches,2viSrxqmyLaJvzTCN
Stitches,TaiysCHzEZcmoaWxh
Stitches,kfty2gGw5RRZSn83e
Stitches,GbFytCa455MMYZwsP
Stitches,5uhAs2KBzMWDjBhhN
Stitches,AAvLv8NDKAbmDAn5n
Stitches,5HzSmLCFfoAfQ4ukQ
Stitches,3e9b2NF4sqpynsAx2
Stitches,RMwmh5fZqQdxortFr
Stitches,qirfQTS5gihdZrjo7
Stitches,2w7g3DewPNN9w47Yu
Stitches,kdizs26rBhoFN96R8
Stitches,bm6bYatvhGTNsmo36
Stitches,LyPzknPf7igr4LEEk
Stitches,MExvKfHcM8ieNnr6p
Stitches,bxcu2gBDFQhKEpiHz
Stitches,zKcKRjhc7Wb7KNnyd
Stitches,6KtfAG6q5J5v4ihKh
Stitches,hu24KrPHNS3tA8ufv
Stitches,n37p2mDFJtcuqd3rs
Stitches,wnBYp2TgHjyzR5gRu
Stitches,s2QnWwt8XqMkDaBow
Stitches,wfyDHz4qnjgSATJ6A
Stitches,24Dnyr3QKDrTNwQnX
Stitches,WGNu96owTxSxCbAKc
Stitches,LTHYdojRj8bFff9eo
Stitches,EkHqiuxNG4J7CtySg
Stitches,fZ7ha4M3KShWJNzvg
Stitches,6cRpKasMti3fkidme
Stitches,uZAkyzRvtHrvb8Fk5
Stitches,T4zhzcmaZ9torAaLJ
Stitches,2ZYB28KdGnYJAxNvz
Stitches,GDBSs6j4TsA4pjgyu
Stitches,qjp48A6gcqhksiEKM
Stitches,JkrgNR4zwnMusoz4J
Stitches,2Cs9gdFGMA3XpuqRa
Stitches,2ZDYfAQ8Y9z2XZ6wX
Stitches,MiXLbYhi8QtBP9Bgk
Stitches,XyWSMATubJz4EWrFh
Stitches,AZqCwcNbL76zheN3q
Stitches,go6ZryFLS5mDzTwMz
Stitches,vS5bFXK89ZkYyRgGb
Stitches,dmbdMG7voxRpT9Nnb
Stitches,2AARDQE5yj3xpTFho
Stitches,WLneNf4nKpfMxrx8z
Stitches,GBG9bJv3yW29PDHfp
Stitches,G5PCa6MSpudHb5nWS
Stitches,H2m8QD3o5BBND4vyG
Stitches,8wzRQyM89oLCLkCid
Stitches,Qhp5PSoBJHkj6dYbW
Stitches,LdJ3LAWjEJ3fLaqpJ
Stitches,Wo6dByhNP45Gmquye
Stitches,nYvBnNnEAWhuakQmh
Stitches,3YtFhN5XvHijBg3PM
Stitches,HdwrNrMF9ScTMbDcT
Stitches,xwzxgoToBBjaw6mej
Stitches,Zk8mHcRfdRKHDubqM
Stitches,myG7i9o2YFM8Ksfoi
Stitches,4J2vnse3jXxhoLpsY
Stitches,smZTYwxv36fLaLeHD
Stitches,hvjYp3cMozD6wmNAT
Stitches,roeXhNQETxkq2tyTq
Stitches,f2TpXayggsFGmfD2G
Stitches,rJMAuob9ZnEKaQ4q9
Stitches,6ZDc5t9mufnZ3S3aL
Stitches,DrwbaXgLeKsmfZa4o
Stitches,kEwWNMPdH9H54TRb2
Stitches,A5acBNiA8PqwfuX3K
Stitches,nManczc4PywpJ988Y
Stitches,LrtuahZmKYuemsM8n
Stitches,QK2naZSLzBLFmjHnd
Stitches,mJFnWtLfD5dafCn26
Stitches,5WidcG9ta5LKYzc6G
Stitches,o4QnTdb74Xzsvsh8C
Stitches,y5mAhAJaBNHAxhg6k
Stitches,DZdS7xfKYcTr6YSMa
Stitches,5tuGu2ttrDCXaQr7u
Stitches,5S2CMx7G4CarnM5ee
Stitches,zrZRmduoyLNxyBpiX
Stitches,2hyETAYMwcMNtkkEE
Stitches,ZexWewgRhAQ3aAJa2
Stitches,D8iuhvsgyTRh23ssn
Stitches,P8MCykYmh8reu5u2v
Stitches,MaSaqNLgbEC4Et76L